episode,time,cart_pos,cart_vel,pole_angle,pole_vel,action,reward
0,0.0,-0.25925022,0.35647172,-0.0,-0.0,-0.6526693105697632,1.436347246170044
0,0.02,-0.27035558,0.34933951,-0.85413384,-0.54703444,-0.5954319834709167,1.3709818124771118
0,0.04,-0.29362115,0.334493,-1.518262,-0.96534383,-0.5365052819252014,1.2995425462722778
0,0.06,-0.3260995,0.31391048,-2.0159562,-1.272141,-0.4804050624370575,1.2364170551300049
0,0.08,-0.36527932,0.2892666,-2.3733017,-1.4853911,-0.4296359717845917,1.1879128217697144
0,0.1,-0.40909183,0.26193714,-2.6160672,-1.6224791,-0.38679376244544983,1.1544498205184937
0,0.12,-0.45590878,0.23300153,-2.769963,-1.7007967,-0.35356560349464417,1.1330969333648682
0,0.14,-0.50452656,0.20324951,-2.8595078,-1.737148,-0.32970985770225525,1.1198667287826538
0,0.16,-0.55411506,0.17321283,-2.905657,-1.7461014,-0.3135804831981659,1.1111748218536377
0,0.18,-0.604139,0.14321686,-2.924421,-1.7389259,-0.3031257092952728,1.1043851375579834
0,0.2,-0.6542743,0.11343725,-2.926975,-1.723567,-0.2965258061885834,1.0977931022644043
0,0.22,-0.70433784,0.08394906,-2.9206016,-1.7052416,-0.29238399863243103,1.0904139280319214
0,0.24,-0.7542346,0.054764044,-2.909762,-1.6871601,-0.2896932065486908,1.0817561149597168
0,0.26,-0.8039207,0.025856936,-2.8969848,-1.6711451,-0.2877306044101715,1.0716502666473389
0,0.28,-0.8533789,-0.00281654,-2.8835037,-1.6580778,-0.2859502136707306,1.0601385831832886
0,0.3,-0.9026014,-0.031307373,-2.8696594,-1.6481904,-0.28390100598335266,1.047407627105713
0,0.32,-0.951578,-0.059664465,-2.855149,-1.6412458,-0.28116390109062195,1.0337575674057007
0,0.34,-1.0002863,-0.08792784,-2.8391566,-1.6366347,-0.2772960364818573,1.0195932388305664
0,0.36,-1.0486845,-0.11612268,-2.8203912,-1.6334071,-0.2717815339565277,1.0054352283477783
0,0.38,-1.0967013,-0.14425327,-2.7970555,-1.6302562,-0.26397815346717834,0.9919418096542358
0,0.4,-1.1442268,-0.17229615,-2.766752,-1.6254555,-0.2530515491962433,0.9799440503120422
0,0.42,-1.1911007,-0.20019136,-2.7263129,-1.6167476,-0.23789837956428528,0.9704850912094116
0,0.44,-1.2370948,-0.22783135,-2.6715531,-1.6011817,-0.2170828878879547,0.9648438096046448
0,0.46,-1.281892,-0.2550467,-2.5969753,-1.5749241,-0.18884101510047913,0.964500904083252
0,0.48,-1.325061,-0.28158903,-2.4955215,-1.5331082,-0.1513417363166809,0.9709435105323792
0,0.5,-1.3660314,-0.30711508,-2.3587039,-1.4699569,-0.10350236296653748,0.9851714968681335
0,0.52,-1.4040835,-0.33118224,-2.1777835,-1.3796284,-0.04641679301857948,1.0068987607955933
0,0.54,-1.4383827,-0.3532732,-1.9466623,-1.2581986,0.01590612158179283,1.0339901447296143
0,0.56,-1.4680694,-0.37285858,-1.6653311,-1.1059312,0.07876032590866089,1.0630028247833252
0,0.58,-1.4923636,-0.38946664,-1.3399287,-0.92713654,0.14008238911628723,1.0905425548553467
0,0.6,-1.5106142,-0.40271226,-0.97842115,-0.7270926,0.19991806149482727,1.145207405090332
0,0.62,-1.5222913,-0.41228673,-0.58758557,-0.50998384,0.2575344145298004,1.868140459060669
0,0.64,-1.5269808,-0.41794977,-0.17419821,-0.27974883,0.31012097001075745,1.6669892072677612
0,0.66,-1.5244203,-0.4195495,0.2522345,-0.04196287,0.3534156382083893,1.146446704864502
0,0.68,-1.5145655,-0.41706496,0.6779289,0.19505565,0.38389864563941956,1.1268353462219238
0,0.7000000000000001,-1.4976442,-0.41064107,1.0863477,0.4211431,0.40077853202819824,1.111750841140747
0,0.72,-1.4741517,-0.40058827,1.4621143,0.62676173,0.40576764941215515,1.0946241617202759
0,0.74,-1.4447918,-0.38734648,1.7941146,0.8049734,0.40157559514045715,1.078912377357483
0,0.76,-1.4103929,-0.3714346,2.076224,0.9519116,0.39088407158851624,1.067394733428955
0,0.78,-1.3718338,-0.35340348,2.3066118,1.0663664,0.3760306239128113,1.0618557929992676
0,0.8,-1.329981,-0.33379817,2.486728,1.1491909,0.35894760489463806,1.0630478858947754
0,0.8200000000000001,-1.2856463,-0.31313014,2.6203516,1.2027473,0.34112924337387085,1.0708448886871338
0,0.84,-1.2395582,-0.291858,2.7127166,1.2303852,0.3236399292945862,1.0844933986663818
0,0.86,-1.1923461,-0.27037653,2.7697628,1.2359748,0.3071820139884949,1.1028764247894287
0,0.88,-1.144536,-0.24901254,2.7975678,1.2235404,0.29219380021095276,1.1247364282608032
0,0.9,-1.096553,-0.22802536,2.801984,1.1970093,0.27893027663230896,1.1488380432128906
0,0.92,-1.0487274,-0.2076104,2.7884245,1.1600571,0.2675093710422516,1.1740763187408447
0,0.9400000000000001,-1.001304,-0.18790469,2.7617378,1.1160067,0.2579308748245239,1.1995368003845215
0,0.96,-0.95445335,-0.16899383,2.726126,1.0677565,0.25009724497795105,1.2245186567306519
0,0.98,-0.9082827,-0.15091984,2.6851006,1.017735,0.2438318431377411,1.2485284805297852
0,1.0,-0.86284834,-0.13368936,2.641466,0.9678813,0.23890653252601624,1.2712539434432983
0,1.02,-0.8181675,-0.117281966,2.5973487,0.91965455,0.23507407307624817,1.2925277948379517
0,1.04,-0.7742288,-0.101657875,2.5542595,0.8740757,0.23209193348884583,1.3122879266738892
0,1.06,-0.731002,-0.08676453,2.5131845,0.8317899,0.22973746061325073,1.3305439949035645
0,1.08,-0.6884453,-0.0725423,2.4746811,0.79313344,0.22782033681869507,1.3473479747772217
0,1.1,-0.6465117,-0.05892875,2.438978,0.7582082,0.22617968916893005,1.3627738952636719
0,1.12,-0.6051533,-0.04586189,2.4060597,0.72694147,0.22468695044517517,1.376904010772705
0,1.1400000000000001,-0.56432503,-0.033282463,2.375743,0.69914186,0.22323796153068542,1.3898193836212158
0,1.16,-0.52398616,-0.021135459,2.3477314,0.67453945,0.22175174951553345,1.4015958309173584
0,1.18,-0.48410192,-0.009371032,2.321661,0.65281963,0.2201642096042633,1.4123014211654663
0,1.2,-0.44464424,0.0020550408,2.2971325,0.63364667,0.21842452883720398,1.4219958782196045
0,1.22,-0.40559208,0.013181192,2.273734,0.6166793,0.2164919376373291,1.4307317733764648
0,1.24,-0.3669315,0.02404011,2.2510557,0.6015818,0.2143324315547943,1.4385552406311035
0,1.26,-0.32865536,0.034658898,2.228698,0.58803,0.21191781759262085,1.4455077648162842
0,1.28,-0.29076308,0.04505934,2.206279,0.5757151,0.20922347903251648,1.451627492904663
0,1.3,-0.25326043,0.05525817,2.1834357,0.5643457,0.2062259316444397,1.4569505453109741
0,1.32,-0.21615925,0.065267354,2.1598232,0.5536461,0.20290431380271912,1.4615123271942139
0,1.34,-0.17947689,0.07509436,2.1351178,0.5433563,0.1992376744747162,1.4653486013412476
0,1.36,-0.14323612,0.08474238,2.1090102,0.5332302,0.19520536065101624,1.4684960842132568
0,1.3800000000000001,-0.10746481,0.0942106,2.0812073,0.523033,0.19078662991523743,1.4709937572479248
0,1.4000000000000001,-0.07219564,0.10349428,2.0514271,0.51254016,0.18596014380455017,1.4728821516036987
0,1.42,-0.037466023,0.11258498,2.0193992,0.50153446,0.18070468306541443,1.4742043018341064
0,1.44,-0.0033178932,0.12147062,1.9848604,0.48980442,0.17499998211860657,1.4750055074691772
0,1.46,0.030202443,0.13013561,1.9475582,0.47714496,0.16882482171058655,1.4753327369689941
0,1.48,0.06304442,0.13856089,1.9072448,0.46335384,0.16216173768043518,1.4752342700958252
0,1.5,0.09515338,0.14672406,1.8636838,0.4482354,0.154994398355484,1.4747591018676758
0,1.52,0.12647073,0.15459943,1.8166493,0.43159932,0.14731141924858093,1.4739553928375244
0,1.54,0.15693423,0.16215828,1.7659302,0.41326368,0.13910862803459167,1.472869873046875
0,1.56,0.18647835,0.16936886,1.7113391,0.3930604,0.13038849830627441,1.471545934677124
0,1.58,0.21503468,0.17619686,1.6527166,0.37083822,0.12116679549217224,1.4700230360031128
0,1.6,0.24253261,0.18260573,1.5899452,0.3464721,0.1114698052406311,1.4683349132537842
0,1.62,0.26890028,0.18855727,1.5229584,0.31986868,0.101340651512146,1.4665086269378662
0,1.6400000000000001,0.29406536,0.19401218,1.4517539,0.29097638,0.09083706140518188,1.4645649194717407
0,1.6600000000000001,0.3179566,0.19893105,1.3764063,0.25979263,0.08003482222557068,1.4625177383422852
0,1.68,0.34050518,0.20327508,1.2970788,0.22637294,0.0690259337425232,1.4603748321533203
0,1.7,0.36164638,0.20700742,1.2140336,0.19083749,0.05791690573096275,1.458141565322876
0,1.72,0.38132122,0.21009417,1.1276366,0.15337488,0.046825673431158066,1.4558322429656982
0,1.74,0.39947844,0.21250558,1.038359,0.11424331,0.03588103875517845,1.4535223245620728
0,1.76,0.41607618,0.21421728,0.9467774,0.0737711,0.025215085595846176,1.4515774250030518
0,1.78,0.4310838,0.21521136,0.8535637,0.032350414,0.014960017055273056,1.4514414072036743
0,1.8,0.4444831,0.21547745,0.7594727,-0.0095704915,0.00524463877081871,1.4576382637023926
0,1.82,0.45626974,0.21501343,0.6653264,-0.051497124,-0.0038130618631839752,1.4809645414352417
0,1.84,0.46645412,0.21382612,0.57199097,-0.092903584,-0.012108419090509415,1.5398976802825928
0,1.86,0.47506154,0.21193159,0.48035347,-0.1332474,-0.019556257873773575,1.6540884971618652
0,1.8800000000000001,0.4821326,0.20935515,0.39129353,-0.17198822,-0.026093456894159317,1.8282041549682617
0,1.9000000000000001,0.48772243,0.2061312,0.30565536,-0.20860584,-0.03168204799294472,2.0379037857055664
0,1.92,0.4918998,0.20230253,0.22421975,-0.24261908,-0.03630969300866127,2.235039234161377
0,1.94,0.4947457,0.1979195,0.147679,-0.27360252,-0.039991918951272964,2.3722317218780518
0,1.96,0.49635157,0.19303878,0.076612055,-0.3012034,-0.04276737943291664,2.4265198707580566
0,1.98,0.496817,0.18772204,0.011469452,-0.32515213,-0.04469582810997963,2.4045677185058594
0,2.0,0.4962475,0.18203452,-0.047437124,-0.3452695,-0.04585495963692665,2.3311617374420166
0,2.02,0.49475205,0.17604317,-0.09993985,-0.36147082,-0.04633435979485512,2.234032154083252
0,2.04,0.49244076,0.16981527,-0.14601108,-0.37376362,-0.04623088613152504,2.134448766708374
0,2.06,0.4894225,0.16341694,-0.18575406,-0.3822415,-0.045645419508218765,2.044846773147583
0,2.08,0.48580277,0.15691158,-0.21939068,-0.38707644,-0.044676635414361954,1.9705103635787964
0,2.1,0.48168194,0.15035887,-0.24724253,-0.38850588,-0.04341885820031166,1.9122931957244873
0,2.12,0.477154,0.14381376,-0.26971185,-0.38681954,-0.041959527879953384,1.8688580989837646
0,2.14,0.47230503,0.13732564,-0.28726158,-0.38234594,-0.0403769351541996,1.838080883026123
0,2.16,0.4672128,0.13093811,-0.30039507,-0.37543863,-0.03873905912041664,1.817771077156067
0,2.18,0.4619462,0.12468842,-0.30963704,-0.3664629,-0.037102434784173965,1.8059706687927246
0,2.2,0.4565649,0.11860757,-0.31551555,-0.3557834,-0.03551283851265907,1.801027536392212
0,2.22,0.45111993,0.11272053,-0.3185476,-0.3437543,-0.034005794674158096,1.801574468612671
0,2.24,0.4456536,0.10704637,-0.31922674,-0.33071065,-0.032606516033411026,1.8064773082733154
0,2.2600000000000002,0.44020024,0.1015988,-0.31801286,-0.3169617,-0.03133148327469826,1.8147802352905273
0,2.2800000000000002,0.43478686,0.096386574,-0.31532532,-0.30278605,-0.030189666897058487,1.82566499710083
0,2.3000000000000003,0.42943382,0.0914141,-0.31153822,-0.28842878,-0.029182616621255875,1.8384249210357666
0,2.32,0.42415574,0.08668205,-0.30697703,-0.27409932,-0.028308186680078506,1.8524436950683594
0,2.34,0.41896224,0.08218796,-0.3019202,-0.25997275,-0.027559373527765274,1.867189645767212
0,2.36,0.41385877,0.07792677,-0.2965992,-0.24619016,-0.026926938444375992,1.8822110891342163
0,2.38,0.40884748,0.07389139,-0.29120174,-0.23286168,-0.02639887109398842,1.8971374034881592
0,2.4,0.4039277,0.070073225,-0.28587437,-0.22006787,-0.02596331015229225,1.9116714000701904
0,2.42,0.39909688,0.066462606,-0.28072807,-0.20786451,-0.025607619434595108,1.9255889654159546
0,2.44,0.3943508,0.06304919,-0.27584216,-0.19628502,-0.02531960979104042,1.93873131275177
0,2.46,0.38968438,0.05982229,-0.27126908,-0.18534455,-0.02508828416466713,1.950995922088623
0,2.48,0.38509184,0.056771133,-0.26703972,-0.1750436,-0.024902496486902237,1.9623324871063232
0,2.5,0.38056707,0.053885084,-0.2631661,-0.16537014,-0.02475402131676674,1.9727262258529663
0,2.52,0.3761041,0.051153824,-0.25964788,-0.15630417,-0.02463385835289955,1.9821977615356445
0,2.54,0.3716969,0.048567455,-0.25647283,-0.14781837,-0.024535570293664932,1.9907889366149902
0,2.56,0.36733988,0.046116587,-0.253622,-0.13988152,-0.02445337548851967,1.9985578060150146
0,2.58,0.36302778,0.0437924,-0.25107148,-0.13245985,-0.024382535368204117,2.005572557449341
0,2.6,0.35875586,0.041586652,-0.2487944,-0.12551847,-0.024319443851709366,2.0119056701660156
0,2.62,0.35451975,0.03949169,-0.24676293,-0.11902271,-0.02426132932305336,2.0176310539245605
0,2.64,0.3503156,0.037500434,-0.24494919,-0.11293893,-0.024205509573221207,2.022822380065918
0,2.66,0.34614003,0.035606354,-0.24332581,-0.10723451,-0.024150822311639786,2.0275473594665527
0,2.68,0.34199017,0.033803463,-0.24186757,-0.101879224,-0.024095479398965836,2.031872272491455
0,2.7,0.33786345,0.03208625,-0.24055034,-0.09684446,-0.024039480835199356,2.035853624343872
0,2.72,0.33375773,0.030449655,-0.23935336,-0.092104696,-0.023981276899576187,2.039546012878418
0,2.74,0.32967117,0.028889028,-0.23825666,-0.08763554,-0.023921731859445572,2.0429940223693848
0,2.7600000000000002,0.32560232,0.027400097,-0.23724417,-0.083416045,-0.023860011249780655,2.046238422393799
0,2.7800000000000002,0.32154992,0.025978925,-0.23630099,-0.07942661,-0.023796234279870987,2.049314498901367
0,2.8000000000000003,0.31751296,0.024621874,-0.23541436,-0.075649746,-0.02373063936829567,2.0522522926330566
0,2.82,0.31349054,0.023325589,-0.23457359,-0.07206993,-0.023663494735956192,2.0550756454467773
0,2.84,0.30948207,0.022086937,-0.23376995,-0.0686733,-0.02359536662697792,2.0578036308288574
0,2.86,0.30548698,0.020903012,-0.23299652,-0.065447964,-0.02352568879723549,2.060455322265625
0,2.88,0.30150485,0.01977109,-0.23224665,-0.062382434,-0.023454997688531876,2.063044548034668
0,2.9,0.29753533,0.018688632,-0.23151536,-0.05946677,-0.02338356152176857,2.065581798553467
0,2.92,0.29357812,0.01765324,-0.23079869,-0.056692135,-0.023311708122491837,2.0680763721466064
0,2.94,0.28963307,0.016662661,-0.23009369,-0.054050665,-0.023239050060510635,2.0705363750457764
0,2.96,0.2857,0.015714766,-0.22939734,-0.05153476,-0.023166660219430923,2.072965383529663
0,2.98,0.28177875,0.01480754,-0.22870839,-0.049138382,-0.023093972355127335,2.0753684043884277
0,3.0,0.2778692,0.013939063,-0.2280251,-0.046855357,-0.023021195083856583,2.077749252319336
0,3.02,0.27397132,0.013107516,-0.2273462,-0.044680104,-0.022948715835809708,2.080109119415283
0,3.04,0.27008507,0.0123111615,-0.22667122,-0.042607784,-0.022876236587762833,2.0824508666992188
0,3.06,0.26621026,0.011548343,-0.22599931,-0.040633556,-0.02280360832810402,2.0847768783569336
0,3.08,0.26234695,0.010817489,-0.22532952,-0.038752668,-0.022731754928827286,2.0870866775512695
0,3.1,0.25849512,0.010117081,-0.22466227,-0.036961656,-0.02265966311097145,2.0893821716308594
0,3.12,0.25465462,0.009445679,-0.22399673,-0.03525615,-0.02258816733956337,2.091663360595703
0,3.14,0.25082555,0.008801898,-0.2233331,-0.03363288,-0.022516313940286636,2.093932628631592
0,3.16,0.24700783,0.008184416,-0.22267045,-0.032087814,-0.022445056587457657,2.096189498901367
0,3.18,0.24320146,0.0075919665,-0.22200918,-0.030618088,-0.02237365022301674,2.0984349250793457
0,3.2,0.23940638,0.0070233373,-0.22134867,-0.029220214,-0.02230251207947731,2.1006691455841064
0,3.22,0.23562261,0.006477366,-0.220689,-0.027891371,-0.022231105715036392,2.1028943061828613
0,3.24,0.23185016,0.0059529427,-0.22002947,-0.026628364,-0.02216002717614174,2.105109691619873
0,3.2600000000000002,0.22808899,0.005449,-0.21937032,-0.025428714,-0.02208835259079933,2.10731840133667
0,3.2800000000000002,0.22433914,0.004964522,-0.2187105,-0.024289258,-0.022016707807779312,2.109520196914673
0,3.3000000000000003,0.22060059,0.004498537,-0.21804997,-0.023207564,-0.02194470539689064,2.1117172241210938
0,3.3200000000000003,0.21687338,0.0040501156,-0.21738821,-0.022181056,-0.021872464567422867,2.1139097213745117
0,3.34,0.21315752,0.0036183666,-0.21672492,-0.021207372,-0.021799717098474503,2.1160998344421387
0,3.36,0.20945305,0.0032024418,-0.21605943,-0.02028405,-0.021726403385400772,2.118288993835449
0,3.38,0.20576,0.0028015329,-0.21539119,-0.019408735,-0.02165297046303749,2.1204771995544434
0,3.4,0.20207846,0.0024148617,-0.2147203,-0.018579733,-0.021578583866357803,2.122667074203491
0,3.42,0.19840845,0.0020416891,-0.21404573,-0.017794529,-0.021503213793039322,2.124861240386963
0,3.44,0.19475009,0.0016813157,-0.21336652,-0.017050842,-0.021427366882562637,2.1270594596862793
0,3.46,0.19110338,0.0013330717,-0.2126826,-0.016347036,-0.02135065570473671,2.1292648315429688
0,3.48,0.18746848,0.0009963178,-0.2119933,-0.015681196,-0.021272514015436172,2.1314797401428223
0,3.5,0.18384548,0.00067045284,-0.21129738,-0.01505103,-0.02119353786110878,2.133704900741577
0,3.52,0.18023446,0.0003549039,-0.21059456,-0.014454985,-0.021113339811563492,2.1359426975250244
0,3.54,0.1766356,4.912733e-05,-0.20988409,-0.013891264,-0.021032486110925674,2.138192892074585
0,3.56,0.173049,-0.00024739833,-0.209166,-0.013358714,-0.02095005288720131,2.140458345413208
0,3.58,0.16947483,-0.00053516537,-0.20843922,-0.012855401,-0.020866069942712784,2.1427416801452637
0,3.6,0.16591322,-0.00081463583,-0.20770273,-0.012379587,-0.0207807756960392,2.1450445652008057
0,3.62,0.16236438,-0.001086248,-0.20695607,-0.011929945,-0.020693931728601456,2.1473684310913086
0,3.64,0.15882847,-0.001350415,-0.20619851,-0.011504954,-0.02060541883111,2.1497156620025635
0,3.66,0.15530568,-0.0016075255,-0.20542926,-0.011103141,-0.02051544561982155,2.1520872116088867
0,3.68,0.15179625,-0.0018579471,-0.2046479,-0.010723362,-0.020423833280801773,2.154484272003174
0,3.7,0.14830036,-0.0021020276,-0.20385389,-0.010364389,-0.02033010497689247,2.1569104194641113
0,3.72,0.14481828,-0.002340088,-0.20304605,-0.010024607,-0.02023467794060707,2.1593661308288574
0,3.74,0.14135021,-0.0025724312,-0.202224,-0.009703001,-0.020137224346399307,2.161853790283203
0,3.7600000000000002,0.13789642,-0.0027993387,-0.2013869,-0.009398281,-0.020038161426782608,2.1643736362457275
0,3.7800000000000002,0.13445716,-0.0030210768,-0.20053464,-0.009109704,-0.019936833530664444,2.166928291320801
0,3.8000000000000003,0.1310327,-0.0032378929,-0.19966622,-0.008835912,-0.019833240658044815,2.1695189476013184
0,3.8200000000000003,0.12762335,-0.0034500125,-0.19878082,-0.008575715,-0.0197276808321476,2.172147750854492
0,3.84,0.124229394,-0.0036576453,-0.1978781,-0.008328299,-0.019619975239038467,2.1748151779174805
0,3.86,0.12085115,-0.0038609873,-0.19695751,-0.008092727,-0.01951015368103981,2.1775217056274414
0,3.88,0.117488906,-0.0040602186,-0.1960187,-0.007868176,-0.019397709518671036,2.1802706718444824
0,3.9,0.114143,-0.004255501,-0.19506063,-0.0076534143,-0.019283030182123184,2.183062791824341
0,3.92,0.110813774,-0.004446982,-0.19408286,-0.0074476674,-0.01916617527604103,2.1858978271484375
0,3.94,0.107501544,-0.004634797,-0.19308524,-0.0072503546,-0.01904681697487831,2.1887779235839844
0,3.96,0.104206674,-0.0048190663,-0.19206709,-0.007060497,-0.018925461918115616,2.191701889038086
0,3.98,0.10092952,-0.0049999054,-0.1910285,-0.0068778004,-0.018801245838403702,2.1946725845336914
0,4.0,0.097670436,-0.0051774103,-0.1899685,-0.006701067,-0.01867455616593361,2.197690486907959
0,4.0200000000000005,0.09442978,-0.005351664,-0.18888661,-0.006529627,-0.018545303493738174,2.200756549835205
0,4.04,0.091207966,-0.005522739,-0.18778248,-0.0063627437,-0.018413756042718887,2.2038702964782715
0,4.0600000000000005,0.08800536,-0.005690698,-0.18665601,-0.0062000025,-0.018279943615198135,2.20703125
0,4.08,0.084822334,-0.0058555976,-0.18550725,-0.0060410807,-0.018143299967050552,2.2102413177490234
0,4.1,0.0816593,-0.0060174824,-0.18433544,-0.0058850134,-0.01800406351685524,2.2135000228881836
0,4.12,0.07851665,-0.0061763846,-0.1831403,-0.0057312134,-0.01786297932267189,2.216805934906006
0,4.14,0.075394765,-0.0063323355,-0.18192244,-0.0055798767,-0.017718736082315445,2.2201614379882812
0,4.16,0.07229405,-0.0064853537,-0.18068078,-0.005429779,-0.017572108656167984,2.223564863204956
0,4.18,0.069214925,-0.0066354475,-0.17941545,-0.005280637,-0.017423037439584732,2.2270164489746094
0,4.2,0.06615779,-0.00678262,-0.17812632,-0.0051320456,-0.017271701246500015,2.2305145263671875
0,4.22,0.06312304,-0.0069268714,-0.17681366,-0.00498382,-0.01711777225136757,2.2340593338012695
0,4.24,0.060111094,-0.0070681907,-0.17547718,-0.0048354156,-0.016961459070444107,2.2376503944396973
0,4.26,0.05712235,-0.0072065643,-0.17411695,-0.0046865363,-0.016802702099084854,2.241286277770996
0,4.28,0.05415722,-0.00734197,-0.17273298,-0.0045367987,-0.0166417695581913,2.2449655532836914
0,4.3,0.05121611,-0.007474386,-0.17132552,-0.0043860814,-0.016478631645441055,2.2486867904663086
0,4.32,0.048299417,-0.0076037846,-0.16989483,-0.0042342073,-0.016312871128320694,2.2524502277374268
0,4.34,0.045407537,-0.00773013,-0.1684406,-0.0040805717,-0.01614496484398842,2.256253719329834
0,4.36,0.04254087,-0.007853385,-0.16696316,-0.003925063,-0.015975210815668106,2.26009464263916
0,4.38,0.03969981,-0.007973512,-0.16546321,-0.0037677996,-0.01580316200852394,2.263972043991089
0,4.4,0.036884755,-0.008090468,-0.16394073,-0.0036083958,-0.015629205852746964,2.267883777618408
0,4.42,0.03409606,-0.008204211,-0.16239622,-0.0034468486,-0.015453223139047623,2.2718276977539062
0,4.44,0.031334106,-0.008314695,-0.16082999,-0.0032830092,-0.015275571495294571,2.2758007049560547
0,4.46,0.028599266,-0.008421878,-0.15924275,-0.00311698,-0.015095386654138565,2.27980375289917
0,4.48,0.025891898,-0.008525704,-0.15763399,-0.0029479885,-0.014914009720087051,2.2838315963745117
0,4.5,0.023212356,-0.008626124,-0.15600502,-0.0027766272,-0.0147307850420475,2.2878832817077637
0,4.5200000000000005,0.020560984,-0.00872309,-0.15435608,-0.002602651,-0.014545831829309464,2.2919559478759766
0,4.54,0.017938118,-0.008816551,-0.15268756,-0.0024259465,-0.014359477907419205,2.296046257019043
0,4.5600000000000005,0.015344083,-0.008906457,-0.1510003,-0.0022466567,-0.014172110706567764,2.3001503944396973
0,4.58,0.012779183,-0.00899276,-0.14929545,-0.002065219,-0.013982776552438736,2.3042678833007812
0,4.6000000000000005,0.010243723,-0.009075417,-0.14757279,-0.0018810546,-0.013792727142572403,2.3083934783935547
0,4.62,0.007737992,-0.00915438,-0.14583369,-0.0016947524,-0.013601336628198624,2.3125252723693848
0,4.64,0.0052622636,-0.00922961,-0.14407863,-0.0015061968,-0.013408754020929337,2.3166608810424805
0,4.66,0.0028168045,-0.00930106,-0.14230815,-0.0013153515,-0.01321500912308693,2.3207969665527344
0,4.68,0.0004018732,-0.009368688,-0.1405228,-0.001122133,-0.013020757585763931,2.324929714202881
0,4.7,-0.0019822933,-0.009432456,-0.13872387,-0.0009270841,-0.012825701385736465,2.3290557861328125
0,4.72,-0.0043354724,-0.009492332,-0.13691212,-0.0007302561,-0.01262987032532692,2.3331727981567383
0,4.74,-0.0066574533,-0.0095482785,-0.13508822,-0.00053168007,-0.012433622032403946,2.3372764587402344
0,4.76,-0.008948041,-0.009600269,-0.13325326,-0.00033169042,-0.012237075716257095,2.3413634300231934
0,4.78,-0.011207062,-0.009648279,-0.1314083,-0.00013057888,-0.012039337307214737,2.345433235168457
0,4.8,-0.013434338,-0.00969228,-0.12955308,7.231173e-05,-0.01184222474694252,2.3494794368743896
0,4.82,-0.015629724,-0.009732253,-0.12768982,0.00027584517,-0.011644694954156876,2.3535001277923584
0,4.84,-0.01779309,-0.009768182,-0.12581897,0.0004801678,-0.011447105556726456,2.357491970062256
0,4.86,-0.019924315,-0.009800056,-0.12394148,0.0006850568,-0.011249635368585587,2.361452102661133
0,4.88,-0.022023302,-0.009827866,-0.12205837,0.0008902531,-0.011052314192056656,2.365377187728882
0,4.9,-0.024089964,-0.0098516075,-0.12017055,0.0010955727,-0.010855171829462051,2.369264602661133
0,4.92,-0.026124233,-0.009871279,-0.118278876,0.001300894,-0.01065877452492714,2.373110294342041
0,4.94,-0.028126061,-0.009886887,-0.11638482,0.0015056059,-0.010462496429681778,2.3769125938415527
0,4.96,-0.030095413,-0.009898438,-0.114488825,0.0017098779,-0.010266993194818497,2.3806686401367188
0,4.98,-0.03203227,-0.0099059455,-0.11259213,0.0019132842,-0.01007208600640297,2.38437557220459
0,5.0,-0.033936627,-0.009909427,-0.110695615,0.0021156773,-0.009877894073724747,2.388031482696533
0,5.0200000000000005,-0.03580851,-0.009908901,-0.10880012,0.0023169024,-0.009684864431619644,2.391632556915283
0,5.04,-0.037647955,-0.009904393,-0.10690704,0.0025164322,-0.009492550045251846,2.3951778411865234
0,5.0600000000000005,-0.039455008,-0.009895932,-0.10501693,0.0027143115,-0.009301308542490005,2.398664951324463
0,5.08,-0.041229725,-0.009883551,-0.10313079,0.0029103165,-0.009111378341913223,2.4020915031433105
0,5.1000000000000005,-0.04297219,-0.009867287,-0.10124978,0.0031040467,-0.008922640234231949,2.4054555892944336
0,5.12,-0.044682506,-0.009847183,-0.09937472,0.003295356,-0.008735153824090958,2.4087562561035156
0,5.14,-0.046360787,-0.009823282,-0.09750645,0.0034841232,-0.008549485355615616,2.41198992729187
0,5.16,-0.04800716,-0.009795638,-0.0956464,0.0036697343,-0.008365008980035782,2.415156841278076
0,5.18,-0.049621783,-0.009764303,-0.093795,0.0038522822,-0.00818232074379921,2.418254852294922
0,5.2,-0.05120481,-0.00972934,-0.0919534,0.004031418,-0.008000675588846207,2.4212846755981445
0,5.22,-0.05275642,-0.009690801,-0.09012162,0.0042075366,-0.007821176201105118,2.424243450164795
0,5.24,-0.05427679,-0.009648748,-0.088301145,0.0043800096,-0.007643554359674454,2.427130937576294
0,5.26,-0.055766128,-0.00960325,-0.08649286,0.0045485944,-0.0074678100645542145,2.429945945739746
0,5.28,-0.057224657,-0.009554379,-0.08469758,0.0047130925,-0.007294062525033951,2.432687997817993
0,5.3,-0.0586526,-0.009502211,-0.082916126,0.0048732897,-0.007122311741113663,2.435356855392456
0,5.32,-0.06005021,-0.009446821,-0.08114923,0.005029057,-0.006952498108148575,2.4379522800445557
0,5.34,-0.061417747,-0.009388292,-0.07939747,0.0051803743,-0.006784860044717789,2.440474033355713
0,5.36,-0.06275548,-0.009326706,-0.077661626,0.005327046,-0.006619308143854141,2.4429221153259277
0,5.38,-0.06406369,-0.0092621455,-0.07594227,0.0054690144,-0.006455812603235245,2.4452977180480957
0,5.4,-0.065342665,-0.009194694,-0.07423984,0.005606288,-0.006295058876276016,2.447599172592163
0,5.42,-0.06659271,-0.009124445,-0.072555654,0.0057382775,-0.006136421114206314,2.4498276710510254
0,5.44,-0.06781413,-0.009051488,-0.07088997,0.0058651045,-0.005979958921670914,2.45198392868042
0,5.46,-0.06900726,-0.008975918,-0.069243155,0.0059868433,-0.00582600012421608,2.454068660736084
0,5.48,-0.07017244,-0.008897828,-0.06761593,0.0061032795,-0.005674336105585098,2.456082344055176
0,5.5,-0.071309984,-0.008817312,-0.06600864,0.0062144753,-0.005525264889001846,2.4580259323120117
0,5.5200000000000005,-0.07242028,-0.008734469,-0.06442197,0.0063201888,-0.0053788162767887115,2.459900379180908
0,5.54,-0.07350366,-0.0086493995,-0.06285658,0.006420221,-0.005234662443399429,2.4617056846618652
0,5.5600000000000005,-0.074560486,-0.0085622035,-0.06131257,0.0065147555,-0.005093071609735489,2.463444232940674
0,5.58,-0.075591154,-0.008472982,-0.059790432,0.0066037267,-0.004953864961862564,2.4651169776916504
0,5.6000000000000005,-0.07659602,-0.008381831,-0.05829031,0.0066872174,-0.004817459732294083,2.466724395751953
0,5.62,-0.07757549,-0.008288855,-0.056812905,0.0067649935,-0.0046834684908390045,2.468268394470215
0,5.64,-0.07852994,-0.008194153,-0.055358298,0.006837196,-0.004551861435174942,2.46975040435791
0,5.66,-0.07945978,-0.008097826,-0.053926528,0.0069040023,-0.004423234611749649,2.4711716175079346
0,5.68,-0.08036538,-0.007999975,-0.05251843,0.00696499,-0.0042971111834049225,2.4725329875946045
0,5.7,-0.08124717,-0.007900707,-0.051134072,0.0070202854,-0.004173610359430313,2.4738364219665527
0,5.72,-0.082105555,-0.007800122,-0.04977368,0.0070699034,-0.004052195698022842,2.475083827972412
0,5.74,-0.082940936,-0.007698317,-0.048436742,0.0071144034,-0.003933940082788467,2.476276397705078
0,5.76,-0.083753735,-0.0075953924,-0.047124248,0.0071531823,-0.0038180388510227203,2.477415084838867
0,5.78,-0.08454435,-0.0074914484,-0.045835964,0.007186514,-0.0037048496305942535,2.4785022735595703
0,5.8,-0.08531322,-0.0073865857,-0.044572186,0.007214353,-0.003593597561120987,2.4795398712158203
0,5.82,-0.086060755,-0.0072808946,-0.04333213,0.0072373613,-0.0034855343401432037,2.4805281162261963
0,5.84,-0.08678736,-0.0071744723,-0.042116776,0.007254909,-0.0033797360956668854,2.4814698696136475
0,5.86,-0.08749345,-0.0070674135,-0.04092578,0.0072673606,-0.003276590257883072,2.4823660850524902
0,5.88,-0.088179454,-0.0069598136,-0.039759308,0.0072746687,-0.0031757690012454987,2.483218193054199
0,5.9,-0.0888458,-0.0068517607,-0.03861709,0.0072770976,-0.003077421337366104,2.4840283393859863
0,5.92,-0.08949289,-0.006743346,-0.03749911,0.0072746943,-0.00298139825463295,2.484797954559326
0,5.94,-0.09012113,-0.0066346545,-0.036405146,0.007267695,-0.002888087183237076,2.4855282306671143
0,5.96,-0.09073095,-0.0065257736,-0.035335507,0.007255864,-0.002796921879053116,2.4862208366394043
0,5.98,-0.09132276,-0.0064167874,-0.034289733,0.007239599,-0.002708170562982559,1.4563153982162476
